{"cameraMode":{"drawMode":0,"name":"Shaded","section":"Shading Mode"},"sceneLighting":true,"audioPlay":false,"sceneViewState":{"m_AlwaysRefresh":false,"showFog":true,"showSkybox":true,"showFlares":true,"showImageEffects":true,"showParticleSystems":true,"showVisualEffectGraphs":true,"m_FxEnabled":true},"in2DMode":false,"pivot":{"x":-0.07749604433774948,"y":-0.4799233376979828,"z":0.9559693336486816},"rotation":{"x":-0.021663662046194078,"y":-0.11462412774562836,"z":0.0025021135807037355,"w":-0.993179976940155},"size":0.5713908076286316,"orthographic":true}